<service>
  <id>CudoMiner</id>
  <name>Cudo Miner</name>
  <description>Cudo Miner</description>
  <executable>Cudo Miner Core</executable>
  <onfailure action="restart" delay="4 sec" />
  <log mode="reset"/>
  <logpath>C:\ProgramData\Cudo Miner\logs</logpath>
  <env name="APP_NAME" value="Cudo Miner"/>
  <env name="STORE_PATH" value="C:\ProgramData\Cudo Miner\store"/>
  <env name="REGISTRY_PATH" value="C:\ProgramData\Cudo Miner\registry"/>
  <env name="LOG_PATH" value="C:\ProgramData\Cudo Miner\logs"/>
  <env name="BIN_PATH" value="C:\Program Files\Cudo Miner\bin"/>
  <env name="RUNTIME_PATH" value="C:\Program Files\Cudo Miner\runtime"/>
  <env name="COMPONENTS_INSTALLED" value="C:\Program Files\Cudo Miner\components"/>
  <env name="UPDATE_CHANNEL_URL" value="C:\Program Files\Cudo Miner\channel"/>
  <env name="UPDATE_INSTALLER_PATH" value="C:\Program Files\Cudo Miner\Cudo Miner Update.exe"/>
  <env name="WIN_UPDATER_SERVICE_PATH" value="C:\Program Files\Cudo Miner\Updater.exe"/>
  <env name="WIN_DESKTOP_EXE_PATH" value="C:\Program Files\Cudo Miner\desktop\Cudo Miner Desktop.exe"/>
  <env name="WIN_UPDATING_DESKTOP_EXE_PATH" value="C:\Program Files\Cudo Miner\desktop-updating\Cudo Miner Desktop Updating.exe"/>
  <env name="SOCKET_PATH" value="\\.\pipe\cudo_miner"/>
  <env name="DISABLE_LOG_COLOR" value="true"/>
  <env name="EXECUTION_CONTEXT" value="winsw"/>
  <env name="REBOOT_IDLE_TIME" value="30"/>
  <stopexecutable>Cudo Miner Core</stopexecutable>
  <stopargument>--socket-path="\\.\pipe\cudo_miner"</stopargument>
  <stopargument>--trigger-exit</stopargument>
  <stoptimeout>20sec</stoptimeout>
</service>
